dataset_name,accuracy,precision,recall,f1
Test_Datset_1,0.63,0.748648649,0.621556886,0.679208646
Test_Datset_2,0.787256372,0.833333333,0.727027027,0.776558891
Test_Datset_3,0.805247376,0.871428571,0.836036036,0.853365493
Test_Datset_4,0.777443609,0.805405405,0.813636364,0.809499962